代號,名稱,股票代號,MD日期,分析師數量,目標價,2025EPS最高值,2025EPS最低值,2025EPS平均值,2025EPS中位數,2026EPS最高值,2026EPS最低值,2026EPS平均值,2026EPS中位數,2027EPS最高值,2027EPS最低值,2027EPS平均值,2027EPS中位數,2025營收最高值,2025營收最低值,2025營收平均值,2025營收中位數,2026營收最高值,2026營收最低值,2026營收平均值,2026營收中位數,2027營收最高值,2027營收最低值,2027營收平均值,2027營收中位數,品質評分,狀態,驗證狀態,MD File,搜尋日期,處理日期
2301,光寶科,2301-TW,2025-10-24,13,168.0,6.97,5.97,6.51,6.50,8.96,7.05,8.07,8.12,12.32,8.95,10.30,9.95,,,,,,,,,,,,,7.0,🟡 良好,✅ 通過,https://raw.githubusercontent.com/wenchiehlee/GoogleSearch/refs/heads/main/data/md/2301_%E5%85%89%E5%AF%B6%E7%A7%91_factset_83089811.md,2025-12-31 18:48:37,2026-01-02 23:25:57
2301,光寶科,2301-TW,2025-10-02,13,145.0,6.97,6.01,6.43,6.40,8.96,6.85,7.84,7.80,12.32,7.70,9.85,9.95,170352000.00,159320000.00,163511570.00,162546790.00,213401000.00,172046000.00,185530230.00,180801000.00,284520000.00,189316270.00,219672770.00,194643570.00,10.0,🟢 優秀,✅ 通過,https://raw.githubusercontent.com/wenchiehlee/GoogleSearch/refs/heads/main/data/md/2301_%E5%85%89%E5%AF%B6%E7%A7%91_factset_fed89985.md,2025-12-31 18:48:37,2026-01-02 23:25:57
2308,台達電,2308-TW,2025-10-31,21,1200.0,25.72,17.87,23.00,23.68,40.32,22.34,32.30,33.31,72.31,34.59,45.46,42.26,558570930.00,499384000.00,537121520.00,545892000.00,738714750.00,554086000.00,658952060.00,678274440.00,992091000.00,723280000.00,828730080.00,811873910.00,10.0,🟢 優秀,✅ 通過,https://raw.githubusercontent.com/wenchiehlee/GoogleSearch/refs/heads/main/data/md/2308_%E5%8F%B0%E9%81%94%E9%9B%BB_factset_3b3c191d.md,2025-12-31 19:35:41,2026-01-02 23:25:57
2308,台達電,2308-TW,2025-10-28,21,1130.0,25.72,17.68,22.41,23.15,40.45,22.27,30.80,30.29,71.72,26.72,42.01,38.93,558680300.00,499384000.00,531423510.00,527147890.00,738714750.00,555155000.00,644560290.00,649588690.00,992091000.00,682731000.00,791403640.00,763770630.00,10.0,🟢 優秀,✅ 通過,https://raw.githubusercontent.com/wenchiehlee/GoogleSearch/refs/heads/main/data/md/2308_%E5%8F%B0%E9%81%94%E9%9B%BB_factset_bbf51a11.md,2026-01-02 21:17:47,2026-01-02 23:25:57
2308,台達電,2308-TW,2025-10-14,21,1060.0,24.60,17.68,21.90,22.00,40.45,22.27,29.85,29.00,71.72,21.61,39.06,36.94,,,,,,,,,,,,,7.0,🟡 良好,✅ 通過,https://raw.githubusercontent.com/wenchiehlee/GoogleSearch/refs/heads/main/data/md/2308_%E5%8F%B0%E9%81%94%E9%9B%BB_factset_9cc874ee.md,2025-12-28 18:47:18,2026-01-02 23:25:57
2308,台達電,2308-TW,2025-10-14,21,1060.0,24.60,17.68,21.90,22.00,40.45,22.27,29.85,29.00,71.72,21.61,39.06,36.94,548070830.00,499384000.00,522503920.00,520742000.00,738700000.00,554086000.00,623158830.00,616979500.00,992091000.00,554085540.00,755287740.00,746035000.00,10.0,🟢 優秀,✅ 通過,https://raw.githubusercontent.com/wenchiehlee/GoogleSearch/refs/heads/main/data/md/2308_%E5%8F%B0%E9%81%94%E9%9B%BB_factset_487a80ad.md,2025-12-31 19:36:52,2026-01-02 23:25:57
2308,台達電,2308-TW,2025-09-25,21,900.0,23.35,17.68,21.12,21.65,37.26,21.61,28.06,28.53,70.00,21.61,36.06,33.90,,,,,,,,,,,,,7.0,🟡 良好,✅ 通過,https://raw.githubusercontent.com/wenchiehlee/GoogleSearch/refs/heads/main/data/md/2308_%E5%8F%B0%E9%81%94%E9%9B%BB_factset_7f76763e.md,2026-01-02 21:17:48,2026-01-02 23:25:57
2308,台達電,2308-TW,2025-09-19,21,780.0,23.09,17.68,20.89,20.91,37.26,21.39,27.21,26.93,70.00,21.61,34.40,32.87,,,,,,,,,,,,,7.0,🟡 良好,✅ 通過,https://raw.githubusercontent.com/wenchiehlee/GoogleSearch/refs/heads/main/data/md/2308_%E5%8F%B0%E9%81%94%E9%9B%BB_factset_b762698f.md,2025-12-31 19:35:42,2026-01-02 23:25:57
2308,台達電,2308-TW,2025-08-01,21,580.0,20.85,17.00,19.13,19.60,29.54,19.49,23.39,23.27,39.96,21.61,29.07,28.85,521404990.00,483360000.00,505309350.00,506449000.00,607697480.00,548605000.00,574143530.00,575902110.00,707293080.00,554085540.00,652679500.00,664579900.00,10.0,🟢 優秀,✅ 通過,https://raw.githubusercontent.com/wenchiehlee/GoogleSearch/refs/heads/main/data/md/2308_%E5%8F%B0%E9%81%94%E9%9B%BB_factset_331259b9.md,2025-12-31 19:36:13,2026-01-02 23:25:57
2308,台達電,2308-TW,2025-05-02,21,480.0,5.00,2.00,3.50,3.50,2.00,1.00,1.50,1.50,,,,,,,,,,,,,,,,,6.0,🟠 普通,✅ 通過,https://raw.githubusercontent.com/wenchiehlee/GoogleSearch/refs/heads/main/data/md/2308_%E5%8F%B0%E9%81%94%E9%9B%BB_factset_df0e7934.md,2025-12-31 19:37:08,2026-01-02 23:25:57
2308,台達電,2308-TW,2025-05-02,21,480.0,20.33,13.17,17.67,17.70,29.54,17.86,21.13,20.66,39.96,19.00,25.25,23.02,521404990.00,443857000.00,492216590.00,489492000.00,592139220.00,516430000.00,551705700.00,549811470.00,681335000.00,573213280.00,624199020.00,626063550.00,10.0,🟢 優秀,✅ 通過,https://raw.githubusercontent.com/wenchiehlee/GoogleSearch/refs/heads/main/data/md/2308_%E5%8F%B0%E9%81%94%E9%9B%BB_factset_f6e2327f.md,2025-12-31 19:36:51,2026-01-02 23:25:57
2308,台達電,2308-TW,2025-04-17,21,490.0,4.00,2.00,3.00,3.00,2.00,1.00,1.50,1.50,,,,,,,,,,,,,,,,,6.0,🟠 普通,✅ 通過,https://raw.githubusercontent.com/wenchiehlee/GoogleSearch/refs/heads/main/data/md/2308_%E5%8F%B0%E9%81%94%E9%9B%BB_factset_5596d0f0.md,2025-12-31 19:37:07,2026-01-02 23:25:57
2308,台達電,2308-TW,2025-03-04,20,487.5,3.00,2.00,2.50,2.50,2.00,1.00,1.50,1.50,,,,,,,,,,,,,,,,,6.0,🟠 普通,✅ 通過,https://raw.githubusercontent.com/wenchiehlee/GoogleSearch/refs/heads/main/data/md/2308_%E5%8F%B0%E9%81%94%E9%9B%BB_factset_71c9c911.md,2025-12-31 19:37:05,2026-01-02 23:25:57
2317,鴻海,2317-TW,2025-11-13,23,300.0,15.43,13.00,14.36,14.37,19.27,15.00,17.25,17.11,22.52,17.24,20.08,20.32,8297438730.00,7683400000.00,7942290520.00,7894202860.00,11224947000.00,8610536000.00,9688767690.00,9599890500.00,13373167620.00,9374846000.00,11166355950.00,11182470150.00,10.0,🟢 優秀,✅ 通過,https://raw.githubusercontent.com/wenchiehlee/GoogleSearch/refs/heads/main/data/md/2317_%E9%B4%BB%E6%B5%B7_factset_588279bc.md,2025-12-29 23:03:37,2026-01-02 23:25:57
2317,鴻海,2317-TW,2025-11-13,23,300.0,15.43,13.00,14.26,14.34,19.78,15.00,17.07,16.76,22.92,16.07,19.69,19.26,8361860620.00,7683400000.00,7952956030.00,7882687000.00,11574239810.00,8610536000.00,9711643680.00,9599890500.00,13400997380.00,9374846000.00,11061531760.00,10672362020.00,10.0,🟢 優秀,✅ 通過,https://raw.githubusercontent.com/wenchiehlee/GoogleSearch/refs/heads/main/data/md/2317_%E9%B4%BB%E6%B5%B7_factset_4a5b5399.md,2025-12-29 23:03:39,2026-01-02 23:25:57
2317,鴻海,2317-TW,2025-10-08,23,245.0,15.43,12.96,13.94,13.97,19.78,15.00,16.22,16.00,22.92,15.73,18.43,18.06,8361860620.00,7683400000.00,7975199170.00,7921378000.00,11574239810.00,8417767000.00,9450690950.00,9416133500.00,13400997380.00,9306390000.00,10785649090.00,10525457040.00,10.0,🟢 優秀,✅ 通過,https://raw.githubusercontent.com/wenchiehlee/GoogleSearch/refs/heads/main/data/md/2317_%E9%B4%BB%E6%B5%B7_factset_46cef980.md,2025-12-29 23:03:35,2026-01-02 23:25:57
2317,鴻海,2317-TW,2025-04-07,21,225.0,15.28,12.55,14.17,14.14,18.56,14.36,16.22,16.08,19.30,17.07,18.18,18.18,,,,,,,,,,,,,7.0,🟡 良好,✅ 通過,https://raw.githubusercontent.com/wenchiehlee/GoogleSearch/refs/heads/main/data/md/2317_%E9%B4%BB%E6%B5%B7_factset_78dc95c1.md,2026-01-02 21:17:51,2026-01-02 23:25:57
2324,仁寶,2324-TW,2025-11-24,7,30.5,1.71,1.42,1.50,1.45,2.38,1.82,2.15,2.21,2.96,2.09,2.57,2.61,,,,,,,,,,,,,7.0,🟡 良好,✅ 通過,https://raw.githubusercontent.com/wenchiehlee/GoogleSearch/refs/heads/main/data/md/2324_%E4%BB%81%E5%AF%B6_factset_7b86e6a6.md,2025-12-31 18:47:56,2026-01-02 23:25:57
2324,仁寶,2324-TW,2025-04-07,7,40.0,3.06,2.53,2.76,2.78,3.17,2.74,2.95,2.94,3.33,3.33,3.33,3.33,1037727000.00,910253000.00,964675540.00,958210960.00,1032301000.00,965632130.00,1004597160.00,1010227750.00,980525070.00,980525070.00,980525070.00,980525070.00,10.0,🟢 優秀,✅ 通過,https://raw.githubusercontent.com/wenchiehlee/GoogleSearch/refs/heads/main/data/md/2324_%E4%BB%81%E5%AF%B6_factset_dc0c98ac.md,2025-12-31 10:18:51,2026-01-02 23:25:57
2330,台積電,2330-TW,2025-10-17,43,1646.0,65.70,56.00,61.62,61.26,85.20,65.40,73.40,72.64,106.60,69.28,89.59,88.46,3869518000.00,3361010870.00,3725377340.00,3740712340.00,4978000000.00,3997456000.00,4477999880.00,4465188500.00,6077000000.00,4439421000.00,5420131240.00,5376615000.00,10.0,🟢 優秀,✅ 通過,https://raw.githubusercontent.com/wenchiehlee/GoogleSearch/refs/heads/main/data/md/2330_%E5%8F%B0%E7%A9%8D%E9%9B%BB_factset_842fc053.md,2026-01-02 21:21:33,2026-01-02 23:25:57
2330,台積電,2330-TW,2025-10-17,43,1646.0,65.70,56.00,61.62,61.26,85.20,65.40,73.40,72.64,106.60,69.28,89.59,88.46,,,,,,,,,,,,,7.0,🟡 良好,✅ 通過,https://raw.githubusercontent.com/wenchiehlee/GoogleSearch/refs/heads/main/data/md/2330_%E5%8F%B0%E7%A9%8D%E9%9B%BB_factset_91757b89.md,2025-12-28 18:47:26,2026-01-02 23:25:57
2356,英業達,2356-TW,2025-12-15,8,46.25,2.53,2.24,2.39,2.38,3.48,2.31,2.81,2.80,3.50,2.60,2.95,2.93,686459400.00,676613000.00,681195300.00,680326490.00,779449000.00,719956780.00,750474800.00,758016000.00,808852040.00,766749760.00,793921070.00,804782570.00,10.0,🟢 優秀,✅ 通過,https://raw.githubusercontent.com/wenchiehlee/GoogleSearch/refs/heads/main/data/md/2356_%E8%8B%B1%E6%A5%AD%E9%81%94_factset_97066b7c.md,2025-12-29 18:49:11,2026-01-02 23:25:57
2356,英業達,2356-TW,2025-12-11,7,46.25,2.53,2.24,2.39,2.34,3.48,2.31,2.82,2.91,3.50,2.60,2.96,2.86,686459400.00,676613000.00,680320680.00,680321740.00,779449000.00,719956780.00,749217930.00,752815230.00,808852040.00,766749760.00,790421340.00,793041780.00,10.0,🟢 優秀,✅ 通過,https://raw.githubusercontent.com/wenchiehlee/GoogleSearch/refs/heads/main/data/md/2356_%E8%8B%B1%E6%A5%AD%E9%81%94_factset_817acfdb.md,2025-12-28 18:47:45,2026-01-02 23:25:57
2356,英業達,2356-TW,2025-07-22,11,45.0,2.94,2.02,2.42,2.46,3.34,2.26,2.80,2.84,3.76,2.64,3.37,3.53,699602530.00,651003000.00,672162140.00,671504000.00,778193460.00,639246850.00,716104100.00,711339000.00,832714800.00,712267470.00,762621040.00,752750940.00,10.0,🟢 優秀,✅ 通過,https://raw.githubusercontent.com/wenchiehlee/GoogleSearch/refs/heads/main/data/md/2356_%E8%8B%B1%E6%A5%AD%E9%81%94_factset_577c9abf.md,2025-12-31 18:48:19,2026-01-02 23:25:57
2357,華碩,2357-TW,2025-12-29,16,735.0,56.56,51.09,53.93,54.36,60.02,44.31,52.35,53.09,64.96,48.59,56.81,58.56,720032000.00,712407000.00,716475560.00,716734000.00,811570790.00,699148000.00,777824110.00,786176000.00,895487430.00,731987000.00,841212610.00,851581000.00,10.0,🟢 優秀,✅ 通過,https://raw.githubusercontent.com/wenchiehlee/GoogleSearch/refs/heads/main/data/md/2357_%E8%8F%AF%E7%A2%A9_factset_f97b871b.md,2025-12-31 18:48:21,2026-01-02 23:25:57
2357,華碩,2357-TW,2025-12-23,16,735.0,57.20,51.09,54.16,54.73,57.98,44.31,52.20,53.09,64.96,48.59,56.81,58.56,720032000.00,712407000.00,716475560.00,716734000.00,811570790.00,699148000.00,777824110.00,786176000.00,895487430.00,731987000.00,841212610.00,851581000.00,10.0,🟢 優秀,✅ 通過,https://raw.githubusercontent.com/wenchiehlee/GoogleSearch/refs/heads/main/data/md/2357_%E8%8F%AF%E7%A2%A9_factset_ee742fad.md,2025-12-31 18:48:21,2026-01-02 23:25:57
2357,華碩,2357-TW,2025-12-23,16,735.0,57.20,51.09,54.16,54.73,57.98,44.31,52.20,53.09,64.96,48.59,56.81,58.56,720032000.00,712407000.00,716475560.00,716734000.00,811570790.00,699148000.00,777824110.00,786176000.00,895487430.00,731987000.00,841212610.00,851581000.00,10.0,🟢 優秀,✅ 通過,https://raw.githubusercontent.com/wenchiehlee/GoogleSearch/refs/heads/main/data/md/2357_%E8%8F%AF%E7%A2%A9_factset_4f7a6a98.md,2025-12-29 23:28:15,2026-01-02 23:25:57
2357,華碩,2357-TW,2025-11-12,17,735.0,58.76,49.00,53.69,54.31,58.80,45.43,52.85,53.17,66.47,49.74,58.01,58.31,720342820.00,702066000.00,710091300.00,709469500.00,823935000.00,699148000.00,769743670.00,775990000.00,895487430.00,731987000.00,841882240.00,858341870.00,10.0,🟢 優秀,✅ 通過,https://raw.githubusercontent.com/wenchiehlee/GoogleSearch/refs/heads/main/data/md/2357_%E8%8F%AF%E7%A2%A9_factset_88811b3b.md,2025-12-29 23:28:14,2026-01-02 23:25:57
2357,華碩,2357-TW,2025-08-25,16,720.0,56.49,48.88,52.65,52.43,58.00,45.17,52.77,53.20,65.21,51.17,57.51,57.26,730872470.00,647015000.00,696390340.00,704271000.00,802615550.00,640678000.00,756184000.00,770691900.00,874158250.00,647941000.00,806823990.00,836767270.00,10.0,🟢 優秀,✅ 通過,https://raw.githubusercontent.com/wenchiehlee/GoogleSearch/refs/heads/main/data/md/2357_%E8%8F%AF%E7%A2%A9_factset_677cedb1.md,2025-12-29 18:49:15,2026-01-02 23:25:57
2376,技嘉,2376-TW,2025-09-24,12,350.0,23.25,17.81,20.29,20.32,26.59,21.41,24.10,23.52,31.24,24.86,27.70,27.35,382748000.00,341565760.00,363261530.00,365150740.00,474364000.00,381246000.00,431838640.00,421173500.00,555240880.00,425131000.00,477648020.00,465110110.00,10.0,🟢 優秀,✅ 通過,https://raw.githubusercontent.com/wenchiehlee/GoogleSearch/refs/heads/main/data/md/2376_%E6%8A%80%E5%98%89_factset_d3b57999.md,2025-12-31 18:48:24,2026-01-02 23:25:57
2377,微星,2377-TW,2025-08-09,7,165.0,14.17,7.32,10.28,10.40,14.46,10.82,12.63,13.17,13.92,12.37,13.14,13.14,254711000.00,225930060.00,241019450.00,240422000.00,275395000.00,239417460.00,255888890.00,253043000.00,274286800.00,235893320.00,255090060.00,255090060.00,10.0,🟢 優秀,✅ 通過,https://raw.githubusercontent.com/wenchiehlee/GoogleSearch/refs/heads/main/data/md/2377_%E5%BE%AE%E6%98%9F_factset_97e193dd.md,2025-12-31 18:48:28,2026-01-02 23:25:57
2377,微星,2377-TW,2025-03-13,8,195.0,10.64,8.04,9.88,10.11,14.20,12.33,13.55,13.87,16.34,13.38,15.10,15.23,203318000.00,197430000.00,199428130.00,198609080.00,230104000.00,220887000.00,224146060.00,221818500.00,246620640.00,220032000.00,238565710.00,241769000.00,10.0,🟢 優秀,✅ 通過,https://raw.githubusercontent.com/wenchiehlee/GoogleSearch/refs/heads/main/data/md/2377_%E5%BE%AE%E6%98%9F_factset_a37747a1.md,2025-12-31 18:48:26,2026-01-02 23:25:57
2379,瑞昱,2379-TW,2025-10-30,19,600.0,33.54,27.08,29.97,29.90,42.87,29.86,35.32,35.25,47.53,35.21,41.42,40.99,,,,,,,,,,,,,7.0,🟡 良好,✅ 通過,https://raw.githubusercontent.com/wenchiehlee/GoogleSearch/refs/heads/main/data/md/2379_%E7%91%9E%E6%98%B1_factset_982d9122.md,2025-12-28 18:47:57,2026-01-02 23:25:57
2379,瑞昱,2379-TW,2025-05-01,17,620.0,39.07,29.98,33.66,33.50,44.60,29.41,37.35,37.69,51.89,33.61,44.24,43.76,141390230.00,124733000.00,132065070.00,132329660.00,154777260.00,130970000.00,143602170.00,142838370.00,178674320.00,148598560.00,163206830.00,159775510.00,10.0,🟢 優秀,✅ 通過,https://raw.githubusercontent.com/wenchiehlee/GoogleSearch/refs/heads/main/data/md/2379_%E7%91%9E%E6%98%B1_factset_650478b4.md,2025-12-31 18:48:30,2026-01-02 23:25:57
2382,廣達,2382-TW,2025-08-13,23,336.0,20.40,16.47,18.41,18.58,26.50,19.41,21.60,21.40,29.91,22.62,24.54,23.99,,,,,,,,,,,,,7.0,🟡 良好,✅ 通過,https://raw.githubusercontent.com/wenchiehlee/GoogleSearch/refs/heads/main/data/md/2382_%E5%BB%A3%E9%81%94_factset_9ba3bfe3.md,2025-12-31 18:48:35,2026-01-02 23:25:57
2395,研華,2395-TW,2025-11-07,18,365.0,13.47,10.30,11.58,11.48,15.32,11.34,13.52,13.55,18.38,14.33,16.09,15.74,,,,,,,,,,,,,7.0,🟡 良好,✅ 通過,https://raw.githubusercontent.com/wenchiehlee/GoogleSearch/refs/heads/main/data/md/2395_%E7%A0%94%E8%8F%AF_factset_552bd8c4.md,2025-12-31 18:48:36,2026-01-02 23:25:57
2395,研華,2395-TW,2025-11-07,18,365.0,13.47,10.30,11.58,11.48,15.32,11.34,13.52,13.55,18.38,14.33,16.09,15.74,,,,,,,,,,,,,7.0,🟡 良好,✅ 通過,https://raw.githubusercontent.com/wenchiehlee/GoogleSearch/refs/heads/main/data/md/2395_%E7%A0%94%E8%8F%AF_factset_74a5c5b1.md,2025-12-28 18:48:03,2026-01-02 23:25:57
2395,研華,2395-TW,2025-10-09,17,372.5,13.47,10.54,11.56,11.56,15.96,11.96,13.71,13.64,19.05,13.74,15.92,15.62,72629960.00,68419000.00,70437280.00,70545710.00,80754330.00,69309850.00,76460810.00,77210470.00,90322680.00,75743630.00,84892330.00,85200360.00,10.0,🟢 優秀,✅ 通過,https://raw.githubusercontent.com/wenchiehlee/GoogleSearch/refs/heads/main/data/md/2395_%E7%A0%94%E8%8F%AF_factset_98b1088e.md,2025-12-31 18:48:37,2026-01-02 23:25:57
2454,聯發科,2454-TW,2025-12-27,26,1650.0,71.52,63.26,66.78,66.27,95.71,70.01,78.79,77.83,133.88,84.32,97.84,93.71,592425720.00,572263270.00,580598030.00,580320000.00,758738000.00,604640530.00,659820350.00,655959940.00,938306970.00,725082000.00,804566140.00,787613560.00,10.0,🟢 優秀,✅ 通過,https://raw.githubusercontent.com/wenchiehlee/GoogleSearch/refs/heads/main/data/md/2454_%E8%81%AF%E7%99%BC%E7%A7%91_factset_ba8cb1ec.md,2025-12-27 18:49:02,2026-01-02 23:25:57
2454,聯發科,2454-TW,2025-11-01,26,1600.0,71.52,63.13,66.65,66.78,85.46,65.28,75.01,74.41,112.63,76.56,88.73,89.01,595604970.00,572263270.00,585019830.00,583644000.00,758738000.00,592700000.00,652903220.00,646149000.00,946584380.00,685309000.00,783840000.00,768373340.00,10.0,🟢 優秀,✅ 通過,https://raw.githubusercontent.com/wenchiehlee/GoogleSearch/refs/heads/main/data/md/2454_%E8%81%AF%E7%99%BC%E7%A7%91_factset_6122fef4.md,2025-12-31 19:30:54,2026-01-02 23:25:57
2454,聯發科,2454-TW,2025-10-29,26,1615.0,71.52,63.13,66.55,66.41,85.46,65.28,75.82,75.15,116.24,76.56,89.71,90.04,592984000.00,572263270.00,582867260.00,582334810.00,758738000.00,592700000.00,648307440.00,644400000.00,919668810.00,683278000.00,775710830.00,762914460.00,10.0,🟢 優秀,✅ 通過,https://raw.githubusercontent.com/wenchiehlee/GoogleSearch/refs/heads/main/data/md/2454_%E8%81%AF%E7%99%BC%E7%A7%91_factset_0d6423dd.md,2025-12-31 19:31:03,2026-01-02 23:25:57
2454,聯發科,2454-TW,2025-08-18,26,1650.0,71.52,63.26,66.78,66.27,95.71,70.01,78.79,77.83,133.88,84.32,97.84,93.71,592425720.00,572263270.00,580598030.00,580320000.00,758738000.00,604640530.00,659820350.00,655959940.00,938306970.00,725082000.00,804566140.00,787613560.00,10.0,🟢 優秀,✅ 通過,https://raw.githubusercontent.com/wenchiehlee/GoogleSearch/refs/heads/main/data/md/2454_%E8%81%AF%E7%99%BC%E7%A7%91_factset_c9a4f151.md,2025-12-31 19:31:48,2026-01-02 23:25:57
2454,聯發科,2454-TW,2025-08-04,27,1655.0,75.10,63.26,67.73,66.84,95.71,70.01,79.36,78.96,133.88,84.32,97.84,93.71,620111000.00,572263270.00,583920650.00,580444750.00,758738000.00,604640530.00,663591340.00,657116590.00,938306970.00,725082000.00,804566140.00,787613560.00,10.0,🟢 優秀,✅ 通過,https://raw.githubusercontent.com/wenchiehlee/GoogleSearch/refs/heads/main/data/md/2454_%E8%81%AF%E7%99%BC%E7%A7%91_factset_4fa66cea.md,2025-12-31 19:30:05,2026-01-02 23:25:57
2454,聯發科,2454-TW,2025-07-25,27,1668.0,77.73,64.35,70.43,70.58,98.23,65.35,82.51,83.40,133.68,81.22,100.49,96.62,624650000.00,568193070.00,595804760.00,599384000.00,731701260.00,595634400.00,674514280.00,671116810.00,887838890.00,711092000.00,806553610.00,800981670.00,10.0,🟢 優秀,✅ 通過,https://raw.githubusercontent.com/wenchiehlee/GoogleSearch/refs/heads/main/data/md/2454_%E8%81%AF%E7%99%BC%E7%A7%91_factset_3e513a66.md,2025-12-31 19:30:09,2026-01-02 23:25:57
2454,聯發科,2454-TW,2025-06-20,27,1700.0,12.00,2.00,6.67,6.00,2.00,1.00,1.50,1.50,,,,,,,,,,,,,,,,,6.0,🟠 普通,✅ 通過,https://raw.githubusercontent.com/wenchiehlee/GoogleSearch/refs/heads/main/data/md/2454_%E8%81%AF%E7%99%BC%E7%A7%91_factset_b20918b7.md,2025-12-31 19:32:11,2026-01-02 23:25:57
2454,聯發科,2454-TW,2025-06-20,27,1700.0,81.31,64.35,72.06,72.29,98.23,71.17,85.32,85.03,133.68,84.55,101.59,101.91,642307140.00,569000000.00,607473200.00,616520660.00,791106910.00,623138000.00,703196170.00,705151500.00,999828910.00,711092000.00,829286970.00,809955740.00,10.0,🟢 優秀,✅ 通過,https://raw.githubusercontent.com/wenchiehlee/GoogleSearch/refs/heads/main/data/md/2454_%E8%81%AF%E7%99%BC%E7%A7%91_factset_a653f414.md,2025-12-31 19:30:59,2026-01-02 23:25:57
2454,聯發科,2454-TW,2025-05-12,28,1710.0,12.00,2.00,6.33,5.00,2.00,1.00,1.50,1.50,,,,,,,,,,,,,,,,,6.0,🟠 普通,✅ 通過,https://raw.githubusercontent.com/wenchiehlee/GoogleSearch/refs/heads/main/data/md/2454_%E8%81%AF%E7%99%BC%E7%A7%91_factset_dab8f70d.md,2025-12-31 19:32:13,2026-01-02 23:25:57
2454,聯發科,2454-TW,2025-05-05,28,1740.0,12.00,2.00,6.33,5.00,2.00,1.00,1.50,1.50,,,,,,,,,,,,,,,,,6.0,🟠 普通,✅ 通過,https://raw.githubusercontent.com/wenchiehlee/GoogleSearch/refs/heads/main/data/md/2454_%E8%81%AF%E7%99%BC%E7%A7%91_factset_56a7f4ab.md,2025-12-31 19:32:10,2026-01-02 23:25:57
2454,聯發科,2454-TW,2025-02-08,24,1590.0,69.06,63.12,66.47,66.62,86.53,64.30,72.57,71.81,123.75,74.27,87.23,84.79,530800000.00,521543000.00,528003760.00,530585000.00,648804060.00,566445690.00,602012770.00,600316500.00,856402510.00,635500000.00,710780420.00,706986890.00,10.0,🟢 優秀,✅ 通過,https://raw.githubusercontent.com/wenchiehlee/GoogleSearch/refs/heads/main/data/md/2454_%E8%81%AF%E7%99%BC%E7%A7%91_factset_3212bda5.md,2025-12-31 19:31:36,2026-01-02 23:25:57
2454,聯發科,2454-TW,2024-03-16,27,1700.0,81.31,64.35,72.06,72.29,98.23,71.17,85.32,85.03,133.68,84.55,101.59,101.91,642307140.00,569000000.00,607473200.00,616520660.00,791106910.00,623138000.00,703196170.00,705151500.00,999828910.00,711092000.00,829286970.00,809955740.00,10.0,🟢 優秀,✅ 通過,https://raw.githubusercontent.com/wenchiehlee/GoogleSearch/refs/heads/main/data/md/2454_%E8%81%AF%E7%99%BC%E7%A7%91_factset_31e0f2b0.md,2025-12-31 19:31:57,2026-01-02 23:25:57
2458,義隆,2458-TW,2025-12-29,8,136.0,7.79,7.00,7.56,7.70,11.77,8.21,9.19,9.02,9.69,8.91,9.30,9.30,12460000.00,12327000.00,12390490.00,12395000.00,13398000.00,12792000.00,13080090.00,13097260.00,14284000.00,13976110.00,14130060.00,14130060.00,10.0,🟢 優秀,✅ 通過,https://raw.githubusercontent.com/wenchiehlee/GoogleSearch/refs/heads/main/data/md/2458_%E7%BE%A9%E9%9A%86_factset_608c9f4c.md,2025-12-31 10:23:34,2026-01-02 23:25:57
2458,義隆,2458-TW,2025-12-22,8,136.0,9.01,7.00,7.73,7.71,11.77,8.31,9.39,9.06,9.69,8.91,9.30,9.30,12460000.00,12327000.00,12377490.00,12356000.00,13398000.00,12920000.00,13123590.00,13098760.00,14284000.00,13976110.00,14130060.00,14130060.00,10.0,🟢 優秀,✅ 通過,https://raw.githubusercontent.com/wenchiehlee/GoogleSearch/refs/heads/main/data/md/2458_%E7%BE%A9%E9%9A%86_factset_b1d77ddb.md,2025-12-31 10:23:35,2026-01-02 23:25:57
2603,長榮,2603-TW,2025-08-05,10,240.0,40.00,25.88,31.91,31.07,32.25,,20.17,24.08,30.04,10.04,19.33,17.91,412558190.00,363826270.00,386636320.00,385907020.00,399046930.00,307625490.00,353636640.00,351032000.00,385258390.00,329608480.00,365572290.00,381850000.00,10.0,🟢 優秀,✅ 通過,https://raw.githubusercontent.com/wenchiehlee/GoogleSearch/refs/heads/main/data/md/2603_%E9%95%B7%E6%A6%AE_factset_a57a7788.md,2025-12-31 18:48:21,2026-01-02 23:25:57
3034,聯詠,3034-TW,2025-11-07,19,449.0,31.33,25.29,26.73,26.16,37.87,26.93,30.00,29.84,36.00,30.24,32.71,32.08,105427870.00,99460000.00,101305190.00,100724930.00,114929650.00,98138920.00,105461730.00,105003290.00,126794000.00,106638660.00,113334600.00,110869780.00,10.0,🟢 優秀,✅ 通過,https://raw.githubusercontent.com/wenchiehlee/GoogleSearch/refs/heads/main/data/md/3034_%E8%81%AF%E8%A9%A0_factset_430c1fec.md,2026-01-01 10:43:53,2026-01-02 23:25:57
3034,聯詠,3034-TW,2025-11-05,19,459.0,31.33,24.97,26.99,26.52,37.87,27.31,30.84,30.56,39.86,31.26,34.08,34.05,105427870.00,99460000.00,101825950.00,101655760.00,114929650.00,99262200.00,106477190.00,106172500.00,132698000.00,106638660.00,115508140.00,113200590.00,10.0,🟢 優秀,✅ 通過,https://raw.githubusercontent.com/wenchiehlee/GoogleSearch/refs/heads/main/data/md/3034_%E8%81%AF%E8%A9%A0_factset_2800c12d.md,2026-01-01 10:42:41,2026-01-02 23:25:57
3034,聯詠,3034-TW,2025-10-13,19,459.0,31.33,24.97,27.02,26.77,37.87,27.31,31.08,30.79,39.86,31.26,34.64,34.57,105427870.00,99460000.00,101852960.00,101747340.00,114929650.00,100207000.00,106758520.00,106172500.00,132698000.00,106638660.00,116425240.00,116388590.00,10.0,🟢 優秀,✅ 通過,https://raw.githubusercontent.com/wenchiehlee/GoogleSearch/refs/heads/main/data/md/3034_%E8%81%AF%E8%A9%A0_factset_b9f613a1.md,2026-01-01 10:42:09,2026-01-02 23:25:57
3034,聯詠,3034-TW,2025-08-06,21,520.0,38.18,27.41,33.30,33.23,45.30,31.05,36.87,36.00,49.47,34.17,39.14,37.34,,,,,,,,,,,,,7.0,🟡 良好,✅ 通過,https://raw.githubusercontent.com/wenchiehlee/GoogleSearch/refs/heads/main/data/md/3034_%E8%81%AF%E8%A9%A0_factset_a246364d.md,2026-01-01 10:43:52,2026-01-02 23:25:57
3034,聯詠,3034-TW,2025-05-13,21,527.5,38.18,30.75,34.71,34.68,45.30,33.30,38.52,37.71,49.47,34.77,40.90,40.01,118413510.00,106160000.00,111450250.00,111186000.00,134377000.00,111521420.00,119764960.00,117078970.00,146486550.00,116031000.00,127699330.00,128117000.00,10.0,🟢 優秀,✅ 通過,https://raw.githubusercontent.com/wenchiehlee/GoogleSearch/refs/heads/main/data/md/3034_%E8%81%AF%E8%A9%A0_factset_ef5a3a3f.md,2026-01-01 10:43:54,2026-01-02 23:25:57
3035,智原,3035-TW,2025-08-14,13,177.5,4.05,1.23,2.70,2.57,10.10,1.26,6.55,7.21,13.57,11.00,12.71,13.55,20015780.00,17640000.00,18941700.00,18900000.00,21378000.00,14777000.00,17278140.00,16361000.00,25017000.00,18517000.00,21459910.00,20845730.00,10.0,🟢 優秀,✅ 通過,https://raw.githubusercontent.com/wenchiehlee/GoogleSearch/refs/heads/main/data/md/3035_%E6%99%BA%E5%8E%9F_factset_fd9e893b.md,2025-12-31 18:48:40,2026-01-02 23:25:57
3231,緯創,3231-TW,2025-05-02,12,135.0,10.60,7.57,8.39,8.18,12.40,8.43,10.22,10.12,10.02,10.02,10.02,10.02,1685532000.00,1235480020.00,1414303010.00,1350395880.00,2171020000.00,1386589280.00,1674814920.00,1623619080.00,1814382120.00,1814382120.00,1814382120.00,1814382120.00,10.0,🟢 優秀,✅ 通過,https://raw.githubusercontent.com/wenchiehlee/GoogleSearch/refs/heads/main/data/md/3231_%E7%B7%AF%E5%89%B5_factset_a637f61f.md,2025-12-31 10:26:33,2026-01-02 23:25:57
4938,和碩,4938-TW,2025-12-08,9,72.0,5.30,3.86,4.78,4.76,6.75,5.01,5.66,5.61,7.67,5.50,6.31,6.17,1163277620.00,1089811630.00,1113680670.00,1108912320.00,1231290320.00,1074308900.00,1167250930.00,1174792580.00,1281618220.00,1146382010.00,1219700310.00,1218117900.00,10.0,🟢 優秀,✅ 通過,https://raw.githubusercontent.com/wenchiehlee/GoogleSearch/refs/heads/main/data/md/4938_%E5%92%8C%E7%A2%A9_factset_4dec4127.md,2025-12-31 19:25:40,2026-01-02 23:25:57
4938,和碩,4938-TW,2025-11-17,11,73.0,5.43,3.86,4.87,4.90,6.94,5.01,5.82,5.61,7.67,5.50,6.61,6.48,1163277620.00,1082560130.00,1114571660.00,1107068000.00,1236186780.00,997761710.00,1155659620.00,1172267170.00,1283408060.00,993919000.00,1198533760.00,1217526980.00,10.0,🟢 優秀,✅ 通過,https://raw.githubusercontent.com/wenchiehlee/GoogleSearch/refs/heads/main/data/md/4938_%E5%92%8C%E7%A2%A9_factset_bf1622d9.md,2025-12-31 19:25:32,2026-01-02 23:25:57
4938,和碩,4938-TW,2025-11-14,11,73.0,5.43,3.86,4.85,4.76,6.94,5.01,5.93,5.74,7.67,5.50,6.73,6.83,1163277620.00,1082560130.00,1114819780.00,1107068000.00,1236186780.00,997761710.00,1156532310.00,1177318000.00,1283408060.00,993919000.00,1198646640.00,1217978490.00,10.0,🟢 優秀,✅ 通過,https://raw.githubusercontent.com/wenchiehlee/GoogleSearch/refs/heads/main/data/md/4938_%E5%92%8C%E7%A2%A9_factset_db8b7377.md,2025-12-31 19:25:31,2026-01-02 23:25:57
4938,和碩,4938-TW,2025-08-16,10,79.0,6.23,4.57,5.22,5.14,6.94,5.48,6.38,6.53,8.11,6.00,7.23,7.61,1176228280.00,1082560000.00,1130685820.00,1136808090.00,1244127590.00,997762000.00,1172213390.00,1181928390.00,1286501090.00,993919000.00,1195987920.00,1225023720.00,10.0,🟢 優秀,✅ 通過,https://raw.githubusercontent.com/wenchiehlee/GoogleSearch/refs/heads/main/data/md/4938_%E5%92%8C%E7%A2%A9_factset_766a12bc.md,2025-12-31 19:25:36,2026-01-02 23:25:57
4938,和碩,4938-TW,2025-08-14,8,90.0,7.08,4.69,6.07,6.12,7.41,6.25,6.87,6.81,7.67,6.31,7.26,7.45,1200717000.00,1080037000.00,1147008920.00,1155691710.00,1262251890.00,1159260490.00,1210750640.00,1210230660.00,1318774210.00,1183170000.00,1259017450.00,1281618220.00,10.0,🟢 優秀,✅ 通過,https://raw.githubusercontent.com/wenchiehlee/GoogleSearch/refs/heads/main/data/md/4938_%E5%92%8C%E7%A2%A9_factset_1d779f30.md,2025-12-31 19:24:30,2026-01-02 23:25:57
5269,祥碩,5269-TW,2025-11-18,11,2050.0,82.39,66.16,71.69,71.34,118.88,78.37,89.72,87.47,112.36,87.75,103.28,110.44,13678920.00,13262000.00,13475430.00,13471000.00,16430160.00,14835620.00,15721100.00,15918640.00,18830040.00,16322150.00,17354940.00,17275000.00,10.0,🟢 優秀,✅ 通過,https://raw.githubusercontent.com/wenchiehlee/GoogleSearch/refs/heads/main/data/md/5269_%E7%A5%A5%E7%A2%A9_factset_c1527975.md,2025-12-31 10:30:48,2026-01-02 23:25:57
5269,祥碩,5269-TW,2025-10-02,11,2225.0,82.39,63.50,72.04,72.83,118.88,74.80,94.33,93.21,112.36,99.83,106.55,107.47,,,,,,,,,,,,,7.0,🟡 良好,✅ 通過,https://raw.githubusercontent.com/wenchiehlee/GoogleSearch/refs/heads/main/data/md/5269_%E7%A5%A5%E7%A2%A9_factset_9878bb0b.md,2025-12-31 18:48:42,2026-01-02 23:25:57
5269,祥碩,5269-TW,2025-10-02,11,2225.0,82.39,63.50,72.04,72.83,118.88,74.80,94.33,93.21,112.36,99.83,106.55,107.47,,,,,,,,,,,,,7.0,🟡 良好,✅ 通過,https://raw.githubusercontent.com/wenchiehlee/GoogleSearch/refs/heads/main/data/md/5269_%E7%A5%A5%E7%A2%A9_factset_f8f75011.md,2025-12-28 18:48:07,2026-01-02 23:25:57
5274,信驊,5274-TW,2025-11-25,15,7200.0,101.43,92.12,96.78,97.18,152.29,109.20,133.56,133.67,196.48,141.52,173.62,170.99,9057800.00,8782000.00,8889990.00,8878060.00,13073660.00,9967000.00,11603840.00,11612230.00,17321150.00,11992000.00,14949770.00,14991500.00,10.0,🟢 優秀,✅ 通過,https://raw.githubusercontent.com/wenchiehlee/GoogleSearch/refs/heads/main/data/md/5274_%E4%BF%A1%E9%A9%8A_factset_a4d93ba3.md,2025-12-29 18:49:11,2026-01-02 23:25:57
5274,信驊,5274-TW,2025-11-25,15,7200.0,101.43,92.12,96.78,97.18,152.29,109.20,133.56,133.67,196.48,141.52,173.62,170.99,9057800.00,8782000.00,8889990.00,8878060.00,13073660.00,9967000.00,11603840.00,11612230.00,17321150.00,11992000.00,14949770.00,14991500.00,10.0,🟢 優秀,✅ 通過,https://raw.githubusercontent.com/wenchiehlee/GoogleSearch/refs/heads/main/data/md/5274_%E4%BF%A1%E9%A9%8A_factset_5e9be637.md,2025-12-28 18:47:39,2026-01-02 23:25:57
5274,信驊,5274-TW,2025-11-06,15,6200.0,101.37,83.57,92.26,92.12,143.53,106.96,123.20,122.33,185.47,150.75,163.13,162.01,9052080.00,8527000.00,8775420.00,8794560.00,12178380.00,9755000.00,10841400.00,10651990.00,16190440.00,13067320.00,14222490.00,14139340.00,10.0,🟢 優秀,✅ 通過,https://raw.githubusercontent.com/wenchiehlee/GoogleSearch/refs/heads/main/data/md/5274_%E4%BF%A1%E9%A9%8A_factset_9a2c28a9.md,2025-12-31 18:48:17,2026-01-02 23:25:57
6285,啟碁,6285-TW,2025-11-07,8,140.0,7.67,5.98,6.79,6.57,11.20,7.68,9.19,8.93,11.97,9.15,10.56,10.56,,,,,,,,,,,,,7.0,🟡 良好,✅ 通過,https://raw.githubusercontent.com/wenchiehlee/GoogleSearch/refs/heads/main/data/md/6285_%E5%95%9F%E7%A2%81_factset_fe290d4a.md,2025-12-28 18:47:19,2026-01-02 23:25:57
6285,啟碁,6285-TW,2025-11-07,8,140.0,7.67,5.98,6.91,6.79,11.20,7.68,9.30,9.04,11.97,9.15,10.56,10.56,115719510.00,112492000.00,113759810.00,113193000.00,129967830.00,122107000.00,125660720.00,124278000.00,136064890.00,134965460.00,135515180.00,135515180.00,10.0,🟢 優秀,✅ 通過,https://raw.githubusercontent.com/wenchiehlee/GoogleSearch/refs/heads/main/data/md/6285_%E5%95%9F%E7%A2%81_factset_27e7c100.md,2025-12-31 02:42:35,2026-01-02 23:25:57
6285,啟碁,6285-TW,2025-08-26,7,140.0,9.33,6.48,7.45,7.52,11.20,7.89,9.69,9.50,11.97,11.04,11.51,11.51,121050000.00,113193000.00,117052870.00,116665760.00,131919390.00,122107000.00,127839240.00,128651000.00,140230880.00,134965460.00,137598170.00,137598170.00,10.0,🟢 優秀,✅ 通過,https://raw.githubusercontent.com/wenchiehlee/GoogleSearch/refs/heads/main/data/md/6285_%E5%95%9F%E7%A2%81_factset_8c1db413.md,2025-12-31 18:47:52,2026-01-02 23:25:57
6285,啟碁,6285-TW,2025-05-14,7,140.0,9.76,7.52,8.55,8.21,11.69,8.64,9.71,9.21,12.75,11.04,11.90,11.90,,,,,,,,,,,,,7.0,🟡 良好,✅ 通過,https://raw.githubusercontent.com/wenchiehlee/GoogleSearch/refs/heads/main/data/md/6285_%E5%95%9F%E7%A2%81_factset_2e8ab70e.md,2025-12-31 18:47:53,2026-01-02 23:25:57
6526,達發,6526-TW,2025-11-07,8,602.5,19.44,15.99,17.71,17.83,23.71,18.93,21.25,21.16,,,,,,,,,,,,,,,,,6.0,🟠 普通,✅ 通過,https://raw.githubusercontent.com/wenchiehlee/GoogleSearch/refs/heads/main/data/md/6526_%E9%81%94%E7%99%BC_factset_d5ed7a87.md,2025-12-31 10:30:28,2026-01-02 23:25:57
6526,達發,6526-TW,2025-11-07,8,602.5,19.44,15.99,17.71,17.83,23.71,18.93,21.25,21.16,,,,,,,,,,,,,,,,,6.0,🟠 普通,✅ 通過,https://raw.githubusercontent.com/wenchiehlee/GoogleSearch/refs/heads/main/data/md/6526_%E9%81%94%E7%99%BC_factset_9b3dd2c1.md,2025-12-28 18:48:00,2026-01-02 23:25:57
6526,達發,6526-TW,2025-10-10,7,610.0,19.44,15.61,17.32,17.09,23.71,15.70,21.03,21.72,,,,,,,,,,,,,,,,,6.0,🟠 普通,✅ 通過,https://raw.githubusercontent.com/wenchiehlee/GoogleSearch/refs/heads/main/data/md/6526_%E9%81%94%E7%99%BC_factset_06fdab9e.md,2025-12-31 10:30:25,2026-01-02 23:25:57
6669,緯穎,6669-TW,2025-10-24,20,4080.0,255.83,171.37,233.86,239.25,324.10,198.71,261.27,260.19,424.27,246.05,322.10,328.91,906980000.00,801207000.00,861587780.00,878635920.00,1229477330.00,874091000.00,1059777540.00,1040120000.00,1584389400.00,1043445260.00,1303801280.00,1267323000.00,10.0,🟢 優秀,✅ 通過,https://raw.githubusercontent.com/wenchiehlee/GoogleSearch/refs/heads/main/data/md/6669_%E7%B7%AF%E7%A9%8E_factset_ec3199be.md,2025-12-28 18:48:10,2026-01-02 23:25:57
6669,緯穎,6669-TW,2025-08-18,20,3700.0,246.66,147.00,213.40,218.70,282.37,183.20,233.64,231.92,333.16,231.26,273.63,269.06,872498780.00,789228430.00,824802480.00,821289020.00,1093425500.00,795498260.00,960127510.00,954646500.00,1315356130.00,935121470.00,1111696840.00,1095092110.00,10.0,🟢 優秀,✅ 通過,https://raw.githubusercontent.com/wenchiehlee/GoogleSearch/refs/heads/main/data/md/6669_%E7%B7%AF%E7%A9%8E_factset_6997110d.md,2025-12-29 18:49:48,2026-01-02 23:25:57
8299,群聯,8299-TW,2025-12-13,13,1310.0,36.00,23.28,31.18,32.77,80.29,38.19,57.30,57.43,79.38,46.32,59.39,55.57,72788000.00,69638000.00,71003720.00,70718500.00,118228000.00,88240000.00,99365020.00,94275730.00,119519360.00,95946000.00,107023540.00,102631330.00,10.0,🟢 優秀,✅ 通過,https://raw.githubusercontent.com/wenchiehlee/GoogleSearch/refs/heads/main/data/md/8299_%E7%BE%A4%E8%81%AF_factset_8e253437.md,2025-12-31 19:11:44,2026-01-02 23:25:57
8299,群聯,8299-TW,2025-11-08,12,1026.0,38.85,23.28,29.97,29.76,62.89,35.35,49.23,50.62,64.10,46.32,56.77,58.33,72430000.00,65793000.00,69310310.00,69739000.00,106486850.00,72299000.00,89388090.00,93493700.00,118699600.00,95946000.00,104143870.00,100964950.00,10.0,🟢 優秀,✅ 通過,https://raw.githubusercontent.com/wenchiehlee/GoogleSearch/refs/heads/main/data/md/8299_%E7%BE%A4%E8%81%AF_factset_e6b190f2.md,2025-12-31 19:11:48,2026-01-02 23:25:57
8299,群聯,8299-TW,2025-10-24,12,970.0,38.85,23.28,29.44,28.88,55.06,35.35,46.86,48.20,64.10,41.92,52.50,51.99,72430000.00,65793000.00,69044900.00,69315000.00,100223000.00,72299000.00,87572240.00,86707870.00,105430000.00,96298000.00,100914480.00,100964950.00,10.0,🟢 優秀,✅ 通過,https://raw.githubusercontent.com/wenchiehlee/GoogleSearch/refs/heads/main/data/md/8299_%E7%BE%A4%E8%81%AF_factset_e83e255a.md,2025-12-31 18:48:27,2026-01-02 23:25:57
8299,群聯,8299-TW,2025-10-02,11,694.5,38.85,22.67,27.46,27.02,53.28,35.35,40.83,38.73,52.37,39.62,45.99,45.99,72430000.00,65793000.00,68317060.00,68219000.00,100223000.00,72299000.00,82162850.00,82209000.00,100730200.00,84998360.00,93003170.00,93142060.00,10.0,🟢 優秀,✅ 通過,https://raw.githubusercontent.com/wenchiehlee/GoogleSearch/refs/heads/main/data/md/8299_%E7%BE%A4%E8%81%AF_factset_188c42e4.md,2025-12-31 19:10:58,2026-01-02 23:25:57
8299,群聯,8299-TW,2025-09-18,10,679.0,38.85,22.67,27.24,26.36,45.09,35.35,39.27,38.25,52.37,39.62,47.35,50.06,72430000.00,65793000.00,68217220.00,67877000.00,86610870.00,72299000.00,79905370.00,80582240.00,100730200.00,84998000.00,91904770.00,89986110.00,10.0,🟢 優秀,✅ 通過,https://raw.githubusercontent.com/wenchiehlee/GoogleSearch/refs/heads/main/data/md/8299_%E7%BE%A4%E8%81%AF_factset_42da19ef.md,2025-12-31 19:11:18,2026-01-02 23:25:57
8299,群聯,8299-TW,2025-08-15,12,575.0,36.25,22.67,29.57,28.61,42.46,26.57,35.65,37.76,50.06,39.62,43.95,42.17,,,,,,,,,,,,,7.0,🟡 良好,✅ 通過,https://raw.githubusercontent.com/wenchiehlee/GoogleSearch/refs/heads/main/data/md/8299_%E7%BE%A4%E8%81%AF_factset_d609598e.md,2025-12-31 19:10:09,2026-01-02 23:25:57
8299,群聯,8299-TW,2025-08-15,9,600.0,35.01,22.67,28.95,28.81,42.46,34.94,38.80,38.86,50.06,39.62,43.95,42.17,,,,,,,,,,,,,7.0,🟡 良好,✅ 通過,https://raw.githubusercontent.com/wenchiehlee/GoogleSearch/refs/heads/main/data/md/8299_%E7%BE%A4%E8%81%AF_factset_272fd1b8.md,2025-12-31 19:11:23,2026-01-02 23:25:57
8299,群聯,8299-TW,2025-07-18,13,570.0,36.25,25.19,30.83,32.02,42.46,26.57,35.11,35.34,50.06,39.52,44.09,42.69,69339000.00,61775280.00,65653240.00,66320460.00,85667580.00,68565240.00,74190010.00,71207440.00,100730200.00,76088970.00,84534360.00,76783890.00,10.0,🟢 優秀,✅ 通過,https://raw.githubusercontent.com/wenchiehlee/GoogleSearch/refs/heads/main/data/md/8299_%E7%BE%A4%E8%81%AF_factset_27ad9d5c.md,2025-12-31 19:10:29,2026-01-02 23:25:57
8299,群聯,8299-TW,2025-05-10,14,642.0,42.03,20.30,32.26,33.41,44.61,28.24,36.39,36.85,47.91,39.52,43.72,43.72,72871000.00,58067000.00,66729270.00,68289000.00,86155000.00,62444000.00,76034440.00,76882000.00,92324510.00,76783890.00,84554200.00,84554200.00,10.0,🟢 優秀,✅ 通過,https://raw.githubusercontent.com/wenchiehlee/GoogleSearch/refs/heads/main/data/md/8299_%E7%BE%A4%E8%81%AF_factset_ac98620b.md,2025-12-31 19:10:25,2026-01-02 23:25:57
9914,美利達,9914-TW,2025-12-12,11,121.0,6.33,4.95,5.64,5.63,8.31,5.55,6.99,7.08,10.03,7.17,8.70,8.67,29500000.00,26613050.00,27687670.00,27574000.00,31444000.00,25613000.00,28601930.00,28603830.00,34645630.00,27112000.00,30877820.00,31156000.00,10.0,🟢 優秀,✅ 通過,https://raw.githubusercontent.com/wenchiehlee/GoogleSearch/refs/heads/main/data/md/9914_%E7%BE%8E%E5%88%A9%E9%81%94_factset_51e5bbf7.md,2025-12-31 18:48:02,2026-01-02 23:25:57
9914,美利達,9914-TW,2025-11-25,12,116.5,6.33,4.45,5.54,5.61,8.31,5.55,6.88,7.03,10.03,7.17,8.70,8.67,29500000.00,26613050.00,27663540.00,27486060.00,31444000.00,25613000.00,28586860.00,28576000.00,34645630.00,27112000.00,30877820.00,31156000.00,10.0,🟢 優秀,✅ 通過,https://raw.githubusercontent.com/wenchiehlee/GoogleSearch/refs/heads/main/data/md/9914_%E7%BE%8E%E5%88%A9%E9%81%94_factset_76e435ab.md,2025-12-28 18:47:37,2026-01-02 23:25:57
9914,美利達,9914-TW,2025-11-22,12,116.5,6.82,4.45,5.65,5.65,9.21,5.55,7.13,7.13,10.03,7.17,8.69,8.64,,,,,,,,,,,,,7.0,🟡 良好,✅ 通過,https://raw.githubusercontent.com/wenchiehlee/GoogleSearch/refs/heads/main/data/md/9914_%E7%BE%8E%E5%88%A9%E9%81%94_factset_46440e62.md,2025-12-29 18:49:09,2026-01-02 23:25:57
9914,美利達,9914-TW,2025-11-07,12,129.0,6.93,4.45,5.93,5.99,9.21,5.77,7.85,7.97,11.21,8.38,9.76,9.61,29500000.00,27398120.00,28387110.00,28280000.00,31444000.00,26975000.00,29646530.00,29672580.00,34645630.00,28940000.00,32459120.00,32453040.00,10.0,🟢 優秀,✅ 通過,https://raw.githubusercontent.com/wenchiehlee/GoogleSearch/refs/heads/main/data/md/9914_%E7%BE%8E%E5%88%A9%E9%81%94_factset_da7da75e.md,2025-12-30 18:50:39,2026-01-02 23:25:57
9921,巨大,9921-TW,2025-12-12,8,112.5,6.09,2.73,3.59,3.26,8.87,3.20,5.81,5.55,10.29,6.74,8.05,7.77,69246450.00,61193130.00,63051850.00,61975230.00,75863620.00,63840000.00,68446540.00,68400000.00,81322540.00,68711000.00,73173790.00,72239700.00,10.0,🟢 優秀,✅ 通過,https://raw.githubusercontent.com/wenchiehlee/GoogleSearch/refs/heads/main/data/md/9921_%E5%B7%A8%E5%A4%A7_factset_687acb43.md,2025-12-31 18:48:05,2026-01-02 23:25:57
9921,巨大,9921-TW,2025-12-12,8,112.5,6.09,2.73,3.59,3.26,8.87,3.20,5.81,5.55,10.29,6.74,8.05,7.77,69246450.00,61193130.00,63051850.00,61975230.00,75863620.00,63840000.00,68446540.00,68400000.00,81322540.00,68711000.00,73173790.00,72239700.00,10.0,🟢 優秀,✅ 通過,https://raw.githubusercontent.com/wenchiehlee/GoogleSearch/refs/heads/main/data/md/9921_%E5%B7%A8%E5%A4%A7_factset_58206f63.md,2025-12-31 10:29:07,2026-01-02 23:25:57
9921,巨大,9921-TW,2025-11-28,8,112.5,6.09,3.00,3.64,3.33,8.87,4.98,6.18,5.62,10.29,6.74,8.05,7.77,69246450.00,61193130.00,63051850.00,61975230.00,75863620.00,63840000.00,68446540.00,68400000.00,81322540.00,68711000.00,73173790.00,72239700.00,10.0,🟢 優秀,✅ 通過,https://raw.githubusercontent.com/wenchiehlee/GoogleSearch/refs/heads/main/data/md/9921_%E5%B7%A8%E5%A4%A7_factset_cfb2e680.md,2025-12-28 18:47:43,2026-01-02 23:25:57
9921,巨大,9921-TW,2025-11-18,9,109.0,6.09,2.78,3.58,3.45,8.87,5.42,6.23,5.81,10.29,6.74,8.15,7.99,69246450.00,61193130.00,63602020.00,63158550.00,75863620.00,63840000.00,68591790.00,68400000.00,81322540.00,68711000.00,73298550.00,71929400.00,10.0,🟢 優秀,✅ 通過,https://raw.githubusercontent.com/wenchiehlee/GoogleSearch/refs/heads/main/data/md/9921_%E5%B7%A8%E5%A4%A7_factset_f1512af4.md,2025-12-31 18:48:06,2026-01-02 23:25:57
